{"cameraMode":{"drawMode":0,"name":"Shaded","section":"Shading Mode"},"sceneLighting":true,"audioPlay":false,"sceneViewState":{"showFog":true,"showMaterialUpdate":false,"showSkybox":true,"showFlares":true,"showImageEffects":true,"showParticleSystems":true},"in2DMode":false,"pivot":{"x":-0.4826948642730713,"y":4.218440532684326,"z":-5.353304386138916},"rotation":{"x":0.09108582139015198,"y":-0.0014796791365370155,"z":0.00015929894289001822,"w":0.9958718419075012},"size":1.193834900856018,"orthographic":false}