{"cameraMode":{"drawMode":0,"name":"Shaded","section":"Shading Mode"},"sceneLighting":false,"audioPlay":false,"sceneViewState":{"showFog":true,"showMaterialUpdate":false,"showSkybox":false,"showFlares":true,"showImageEffects":true,"showParticleSystems":true},"in2DMode":false,"pivot":{"x":2.3254499435424806,"y":1.090000033378601,"z":-0.6835000514984131},"rotation":{"x":0.45760729908943179,"y":-0.11541982740163803,"z":0.06008254736661911,"w":0.8796135187149048},"size":3.4513678550720217,"orthographic":false}