{"cameraMode":{"drawMode":0,"name":"Shaded","section":"Shading Mode"},"sceneLighting":false,"audioPlay":false,"sceneViewState":{"showFog":true,"showMaterialUpdate":false,"showSkybox":false,"showFlares":true,"showImageEffects":true,"showParticleSystems":true},"in2DMode":false,"pivot":{"x":-0.9008251428604126,"y":-0.10054520517587662,"z":0.17854663729667664},"rotation":{"x":0.08940663933753967,"y":0.30988332629203799,"z":-0.029259415343403817,"w":0.9461312294006348},"size":1.207395076751709,"orthographic":false}